period,value,unit,type
1990-01,64.4,index,published observation
1990-02,64.7,index,published observation
1990-03,64.0,index,published observation
1990-04,66.0,index,published observation
1990-05,64.6,index,published observation
1990-06,64.1,index,published observation
1990-07,62.9,index,published observation
1990-08,61.8,index,published observation
1990-09,61.3,index,published observation
1990-10,61.4,index,published observation
1990-11,62.3,index,published observation
1990-12,62.2,index,published observation
1991-01,61.0,index,published observation
1991-02,61.8,index,published observation
1991-03,62.3,index,published observation
1991-04,61.0,index,published observation
1991-05,60.8,index,published observation
1991-06,61.3,index,published observation
1991-07,62.2,index,published observation
1991-08,61.8,index,published observation
1991-09,62.4,index,published observation
1991-10,64.5,index,published observation
1991-11,64.6,index,published observation
1991-12,64.3,index,published observation
1992-01,65.1,index,published observation
1992-02,65.9,index,published observation
1992-03,66.5,index,published observation
1992-04,64.8,index,published observation
1992-05,65.1,index,published observation
1992-06,65.9,index,published observation
1992-07,64.7,index,published observation
1992-08,63.1,index,published observation
1992-09,63.8,index,published observation
1992-10,61.8,index,published observation
1992-11,62.7,index,published observation
1992-12,61.3,index,published observation
1993-01,61.6,index,published observation
1993-02,61.4,index,published observation
1993-03,63.2,index,published observation
1993-04,62.8,index,published observation
1993-05,62.4,index,published observation
1993-06,61.8,index,published observation
1993-07,62.2,index,published observation
1993-08,60.9,index,published observation
1993-09,61.2,index,published observation
1993-10,61.5,index,published observation
1993-11,63.4,index,published observation
1993-12,64.7,index,published observation
1994-01,64.8,index,published observation
1994-02,64.5,index,published observation
1994-03,64.8,index,published observation
1994-04,64.1,index,published observation
1994-05,65.9,index,published observation
1994-06,65.5,index,published observation
1994-07,64.2,index,published observation
1994-08,66.6,index,published observation
1994-09,69.6,index,published observation
1994-10,70.3,index,published observation
1994-11,73.6,index,published observation
1994-12,73.3,index,published observation
1995-01,73.0,index,published observation
1995-02,74.7,index,published observation
1995-03,75.5,index,published observation
1995-04,74.3,index,published observation
1995-05,74.1,index,published observation
1995-06,75.3,index,published observation
1995-07,79.6,index,published observation
1995-08,78.1,index,published observation
1995-09,78.5,index,published observation
1995-10,80.5,index,published observation
1995-11,80.0,index,published observation
1995-12,78.2,index,published observation
1996-01,77.1,index,published observation
1996-02,77.6,index,published observation
1996-03,78.7,index,published observation
1996-04,80.9,index,published observation
1996-05,82.5,index,published observation
1996-06,80.7,index,published observation
1996-07,80.5,index,published observation
1996-08,80.1,index,published observation
1996-09,77.1,index,published observation
1996-10,74.4,index,published observation
1996-11,72.7,index,published observation
1996-12,71.5,index,published observation
1997-01,71.0,index,published observation
1997-02,71.2,index,published observation
1997-03,73.0,index,published observation
1997-04,73.5,index,published observation
1997-05,72.9,index,published observation
1997-06,70.3,index,published observation
1997-07,68.6,index,published observation
1997-08,70.0,index,published observation
1997-09,70.1,index,published observation
1997-10,69.9,index,published observation
1997-11,70.5,index,published observation
1997-12,68.1,index,published observation
1998-01,67.5,index,published observation
1998-02,67.7,index,published observation
1998-03,67.6,index,published observation
1998-04,67.0,index,published observation
1998-05,66.6,index,published observation
1998-06,64.4,index,published observation
1998-07,64.4,index,published observation
1998-08,62.6,index,published observation
1998-09,62.1,index,published observation
1998-10,62.9,index,published observation
1998-11,62.8,index,published observation
1998-12,62.2,index,published observation
1999-01,61.2,index,published observation
1999-02,58.6,index,published observation
1999-03,57.2,index,published observation
1999-04,56.0,index,published observation
1999-05,55.6,index,published observation
1999-06,54.8,index,published observation
1999-07,52.8,index,published observation
1999-08,54.6,index,published observation
1999-09,54.8,index,published observation
1999-10,53.5,index,published observation
1999-11,53.5,index,published observation
1999-12,52.1,index,published observation
2000-01,52.8,index,published observation
2000-02,52.5,index,published observation
2000-03,53.1,index,published observation
2000-04,53.7,index,published observation
2000-05,54.0,index,published observation
2000-06,54.2,index,published observation
2000-07,54.4,index,published observation
2000-08,53.5,index,published observation
2000-09,52.9,index,published observation
2000-10,53.7,index,published observation
2000-11,54.2,index,published observation
2000-12,54.8,index,published observation
2001-01,54.1,index,published observation
2001-02,54.6,index,published observation
2001-03,55.5,index,published observation
2001-04,55.0,index,published observation
2001-05,55.8,index,published observation
2001-06,55.2,index,published observation
2001-07,56.9,index,published observation
2001-08,57.0,index,published observation
2001-09,55.8,index,published observation
2001-10,54.5,index,published observation
2001-11,55.1,index,published observation
2001-12,54.6,index,published observation
2002-01,53.8,index,published observation
2002-02,52.0,index,published observation
2002-03,52.3,index,published observation
2002-04,51.4,index,published observation
2002-05,50.8,index,published observation
2002-06,51.6,index,published observation
2002-07,52.3,index,published observation
2002-08,53.7,index,published observation
2002-09,55.1,index,published observation
2002-10,55.5,index,published observation
2002-11,56.6,index,published observation
2002-12,56.0,index,published observation
2003-01,56.2,index,published observation
2003-02,56.9,index,published observation
2003-03,55.9,index,published observation
2003-04,55.9,index,published observation
2003-05,56.7,index,published observation
2003-06,56.4,index,published observation
2003-07,57.1,index,published observation
2003-08,57.8,index,published observation
2003-09,59.0,index,published observation
2003-10,60.6,index,published observation
2003-11,62.0,index,published observation
2003-12,62.9,index,published observation
2004-01,64.7,index,published observation
2004-02,65.5,index,published observation
2004-03,67.1,index,published observation
2004-04,67.7,index,published observation
2004-05,66.8,index,published observation
2004-06,66.4,index,published observation
2004-07,65.8,index,published observation
2004-08,64.8,index,published observation
2004-09,65.4,index,published observation
2004-10,64.9,index,published observation
2004-11,65.7,index,published observation
2004-12,66.0,index,published observation
2005-01,65.8,index,published observation
2005-02,66.2,index,published observation
2005-03,67.5,index,published observation
2005-04,66.0,index,published observation
2005-05,66.5,index,published observation
2005-06,67.4,index,published observation
2005-07,67.7,index,published observation
2005-08,67.6,index,published observation
2005-09,68.6,index,published observation
2005-10,69.5,index,published observation
2005-11,69.0,index,published observation
2005-12,69.8,index,published observation
2006-01,69.8,index,published observation
2006-02,70.8,index,published observation
2006-03,69.8,index,published observation
2006-04,70.1,index,published observation
2006-05,71.3,index,published observation
2006-06,71.4,index,published observation
2006-07,73.2,index,published observation
2006-08,73.1,index,published observation
2006-09,73.2,index,published observation
2006-10,75.1,index,published observation
2006-11,77.7,index,published observation
2006-12,78.8,index,published observation
2007-01,78.5,index,published observation
2007-02,80.0,index,published observation
2007-03,81.1,index,published observation
2007-04,83.9,index,published observation
2007-05,86.5,index,published observation
2007-06,91.4,index,published observation
2007-07,95.5,index,published observation
2007-08,99.1,index,published observation
2007-09,105.3,index,published observation
2007-10,107.9,index,published observation
2007-11,110.8,index,published observation
2007-12,114.7,index,published observation
2008-01,120.4,index,published observation
2008-02,128.4,index,published observation
2008-03,132.4,index,published observation
2008-04,130.7,index,published observation
2008-05,130.3,index,published observation
2008-06,132.7,index,published observation
2008-07,130.2,index,published observation
2008-08,121.2,index,published observation
2008-09,112.8,index,published observation
2008-10,97.8,index,published observation
2008-11,89.7,index,published observation
2008-12,86.3,index,published observation
2009-01,86.7,index,published observation
2009-02,84.5,index,published observation
2009-03,84.3,index,published observation
2009-04,87.4,index,published observation
2009-05,93.5,index,published observation
2009-06,93.4,index,published observation
2009-07,90.7,index,published observation
2009-08,93.5,index,published observation
2009-09,93.1,index,published observation
2009-10,94.8,index,published observation
2009-11,98.9,index,published observation
2009-12,100.8,index,published observation
2010-01,101.8,index,published observation
2010-02,99.3,index,published observation
2010-03,96.5,index,published observation
2010-04,97.1,index,published observation
2010-05,96.4,index,published observation
2010-06,95.9,index,published observation
2010-07,100.0,index,published observation
2010-08,107.8,index,published observation
2010-09,114.1,index,published observation
2010-10,120.1,index,published observation
2010-11,124.2,index,published observation
2010-12,129.4,index,published observation
2011-01,133.8,index,published observation
2011-02,137.7,index,published observation
2011-03,134.3,index,published observation
2011-04,136.3,index,published observation
2011-05,135.1,index,published observation
2011-06,134.8,index,published observation
2011-07,133.0,index,published observation
2011-08,132.7,index,published observation
2011-09,130.1,index,published observation
2011-10,125.6,index,published observation
2011-11,125.9,index,published observation
2011-12,121.9,index,published observation
2012-01,122.2,index,published observation
2012-02,125.3,index,published observation
2012-03,125.7,index,published observation
2012-04,124.4,index,published observation
2012-05,119.0,index,published observation
2012-06,115.8,index,published observation
2012-07,122.0,index,published observation
2012-08,123.2,index,published observation
2012-09,125.1,index,published observation
2012-10,124.0,index,published observation
2012-11,123.5,index,published observation
2012-12,122.8,index,published observation
2013-01,123.4,index,published observation
2013-02,123.3,index,published observation
2013-03,122.9,index,published observation
2013-04,122.9,index,published observation
2013-05,122.2,index,published observation
2013-06,120.9,index,published observation
2013-07,118.0,index,published observation
2013-08,116.2,index,published observation
2013-09,116.4,index,published observation
2013-10,118.7,index,published observation
2013-11,118.6,index,published observation
2013-12,118.2,index,published observation
2014-01,116.2,index,published observation
2014-02,118.6,index,published observation
2014-03,122.1,index,published observation
2014-04,121.5,index,published observation
2014-05,121.2,index,published observation
2014-06,119.2,index,published observation
2014-07,116.3,index,published observation
2014-08,112.8,index,published observation
2014-09,109.2,index,published observation
2014-10,109.3,index,published observation
2014-11,108.1,index,published observation
2014-12,105.2,index,published observation
2015-01,101.0,index,published observation
2015-02,98.7,index,published observation
2015-03,95.7,index,published observation
2015-04,94.6,index,published observation
2015-05,95.0,index,published observation
2015-06,94.6,index,published observation
2015-07,93.8,index,published observation
2015-08,89.5,index,published observation
2015-09,88.9,index,published observation
2015-10,90.3,index,published observation
2015-11,87.7,index,published observation
2015-12,87.0,index,published observation
2016-01,84.9,index,published observation
2016-02,86.1,index,published observation
2016-03,87.4,index,published observation
2016-04,89.1,index,published observation
2016-05,90.6,index,published observation
2016-06,93.8,index,published observation
2016-07,93.0,index,published observation
2016-08,95.3,index,published observation
2016-09,96.1,index,published observation
2016-10,95.9,index,published observation
2016-11,96.0,index,published observation
2016-12,95.3,index,published observation
2017-01,97.8,index,published observation
2017-02,98.1,index,published observation
2017-03,96.2,index,published observation
2017-04,95.0,index,published observation
2017-05,97.3,index,published observation
2017-06,97.8,index,published observation
2017-07,100.0,index,published observation
2017-08,99.2,index,published observation
2017-09,99.7,index,published observation
2017-10,98.8,index,published observation
2017-11,98.8,index,published observation
2017-12,96.4,index,published observation
2018-01,96.7,index,published observation
2018-02,97.8,index,published observation
2018-03,98.8,index,published observation
2018-04,98.4,index,published observation
2018-05,98.5,index,published observation
2018-06,96.8,index,published observation
2018-07,95.0,index,published observation
2018-08,95.8,index,published observation
2018-09,94.0,index,published observation
2018-10,93.2,index,published observation
2018-11,91.9,index,published observation
2018-12,92.0,index,published observation
2019-01,93.1,index,published observation
2019-02,93.8,index,published observation
2019-03,93.0,index,published observation
2019-04,93.5,index,published observation
2019-05,94.2,index,published observation
2019-06,95.4,index,published observation
2019-07,95.1,index,published observation
2019-08,93.8,index,published observation
2019-09,93.2,index,published observation
2019-10,95.0,index,published observation
2019-11,98.2,index,published observation
2019-12,100.8,index,published observation
2020-01,102.5,index,published observation
2020-02,99.6,index,published observation
2020-03,95.2,index,published observation
2020-04,92.4,index,published observation
2020-05,91.2,index,published observation
2020-06,93.1,index,published observation
2020-07,93.8,index,published observation
2020-08,95.7,index,published observation
2020-09,97.9,index,published observation
2020-10,101.3,index,published observation
2020-11,105.5,index,published observation
2020-12,108.5,index,published observation
2021-01,113.5,index,published observation
2021-02,116.5,index,published observation
2021-03,119.1,index,published observation
2021-04,122.1,index,published observation
2021-05,128.4,index,published observation
2021-06,125.4,index,published observation
2021-07,124.4,index,published observation
2021-08,128.0,index,published observation
2021-09,129.1,index,published observation
2021-10,133.3,index,published observation
2021-11,135.4,index,published observation
2021-12,133.7,index,published observation
2022-01,135.7,index,published observation
2022-02,141.7,index,published observation
2022-03,160.2,index,published observation
2022-04,158.8,index,published observation
2022-05,158.7,index,published observation
2022-06,155.7,index,published observation
2022-07,141.6,index,published observation
2022-08,138.7,index,published observation
2022-09,137.3,index,published observation
2022-10,136.7,index,published observation
2022-11,136.0,index,published observation
2022-12,133.1,index,published observation
2023-01,131.4,index,published observation
2023-02,130.7,index,published observation
2023-03,128.0,index,published observation
2023-04,128.4,index,published observation
2023-05,124.5,index,published observation
2023-06,123.0,index,published observation
2023-07,124.4,index,published observation
2023-08,121.8,index,published observation
2023-09,121.7,index,published observation
2023-10,120.7,index,published observation
2023-11,120.6,index,published observation
2023-12,119.1,index,published observation
2024-01,117.6,index,published observation
2024-02,117.4,index,published observation
2024-03,118.9,index,published observation
2024-04,119.2,index,published observation
2024-05,120.5,index,published observation
2024-06,121.0,index,published observation
2024-07,120.9,index,published observation
2024-08,121.7,index,published observation
2024-09,124.6,index,published observation
2024-10,126.9,index,published observation
2024-11,127.7,index,published observation
2024-12,127.3,index,published observation
2025-01,124.6,index,published observation
2025-02,126.6,index,published observation
2025-03,127.2,index,published observation
2025-04,128.2,index,published observation
2025-05,127.1,index,published observation
2025-06,128.1,index,published observation
2025-07,129.8,index,published observation
2025-08,130.0,index,published observation
2025-09,128.6,index,published observation
2025-10,126.4,index,published observation
2025-11,125.2,index,published observation
2025-12,124.5,index,published observation
2026-01,124.1,index,published observation
2026-02,125.5,index,published observation
2026-03,128.7,index,published observation
2026-04,131.0,index,published observation
2026-05,131.0,index,published observation
2026-06,130.1,index,published observation
2026-07,130.8,index,published observation
2026-08,133.3,index,published observation
2026-08,133.3,index,low scenario checkpoint
2027-06,139.965,index,low scenario checkpoint
2027-12,138.632,index,low scenario checkpoint
2028-08,137.299,index,low scenario checkpoint
2029-08,138.632,index,low scenario checkpoint
2026-08,133.3,index,medium scenario checkpoint
2027-06,153.295,index,medium scenario checkpoint
2027-12,149.296,index,medium scenario checkpoint
2028-08,142.631,index,medium scenario checkpoint
2029-08,143.964,index,medium scenario checkpoint
2026-08,133.3,index,high scenario checkpoint
2027-06,173.29,index,high scenario checkpoint
2027-12,166.625,index,high scenario checkpoint
2028-08,154.628,index,high scenario checkpoint
2029-08,153.295,index,high scenario checkpoint
