observation_date,metric_value,unit
2015-01-01,96.745064,Index · 2019 average = 100
2015-02-01,96.879521,Index · 2019 average = 100
2015-03-01,97.113853,Index · 2019 average = 100
2015-04-01,97.220267,Index · 2019 average = 100
2015-05-01,97.132432,Index · 2019 average = 100
2015-06-01,97.297416,Index · 2019 average = 100
2015-07-01,97.36745,Index · 2019 average = 100
2015-08-01,97.411481,Index · 2019 average = 100
2015-09-01,97.42597,Index · 2019 average = 100
2015-10-01,97.513622,Index · 2019 average = 100
2015-11-01,97.597425,Index · 2019 average = 100
2015-12-01,97.502336,Index · 2019 average = 100
2016-01-01,97.914579,Index · 2019 average = 100
2016-02-01,97.838957,Index · 2019 average = 100
2016-03-01,97.751403,Index · 2019 average = 100
2016-04-01,97.783361,Index · 2019 average = 100
2016-05-01,97.961917,Index · 2019 average = 100
2016-06-01,97.87957,Index · 2019 average = 100
2016-07-01,97.878453,Index · 2019 average = 100
2016-08-01,97.808967,Index · 2019 average = 100
2016-09-01,97.851698,Index · 2019 average = 100
2016-10-01,97.924464,Index · 2019 average = 100
2016-11-01,97.889468,Index · 2019 average = 100
2016-12-01,97.908024,Index · 2019 average = 100
2017-01-01,97.930583,Index · 2019 average = 100
2017-02-01,97.893145,Index · 2019 average = 100
2017-03-01,97.83435,Index · 2019 average = 100
2017-04-01,98.015095,Index · 2019 average = 100
2017-05-01,98.004713,Index · 2019 average = 100
2017-06-01,98.049813,Index · 2019 average = 100
2017-07-01,98.088213,Index · 2019 average = 100
2017-08-01,98.151075,Index · 2019 average = 100
2017-09-01,98.159562,Index · 2019 average = 100
2017-10-01,98.218419,Index · 2019 average = 100
2017-11-01,98.177917,Index · 2019 average = 100
2017-12-01,98.268774,Index · 2019 average = 100
2018-01-01,98.442416,Index · 2019 average = 100
2018-02-01,98.432458,Index · 2019 average = 100
2018-03-01,98.440528,Index · 2019 average = 100
2018-04-01,98.562336,Index · 2019 average = 100
2018-05-01,98.641006,Index · 2019 average = 100
2018-06-01,98.692502,Index · 2019 average = 100
2018-07-01,98.760821,Index · 2019 average = 100
2018-08-01,98.851957,Index · 2019 average = 100
2018-09-01,98.929285,Index · 2019 average = 100
2018-10-01,99.042029,Index · 2019 average = 100
2018-11-01,99.169409,Index · 2019 average = 100
2018-12-01,99.215412,Index · 2019 average = 100
2019-01-01,99.22252,Index · 2019 average = 100
2019-02-01,99.474037,Index · 2019 average = 100
2019-03-01,99.666839,Index · 2019 average = 100
2019-04-01,99.649814,Index · 2019 average = 100
2019-05-01,99.885006,Index · 2019 average = 100
2019-06-01,100.081129,Index · 2019 average = 100
2019-07-01,100.21907,Index · 2019 average = 100
2019-08-01,100.267957,Index · 2019 average = 100
2019-09-01,100.251048,Index · 2019 average = 100
2019-10-01,100.328261,Index · 2019 average = 100
2019-11-01,100.470968,Index · 2019 average = 100
2019-12-01,100.483351,Index · 2019 average = 100
2020-01-01,100.653174,Index · 2019 average = 100
2020-02-01,100.900501,Index · 2019 average = 100
2020-03-01,101.771294,Index · 2019 average = 100
2020-04-01,113.614919,Index · 2019 average = 100
2020-05-01,111.002292,Index · 2019 average = 100
2020-06-01,107.397527,Index · 2019 average = 100
2020-07-01,106.30746,Index · 2019 average = 100
2020-08-01,105.914284,Index · 2019 average = 100
2020-09-01,105.593378,Index · 2019 average = 100
2020-10-01,105.351675,Index · 2019 average = 100
2020-11-01,105.3303,Index · 2019 average = 100
2020-12-01,106.15964,Index · 2019 average = 100
2021-01-01,106.704292,Index · 2019 average = 100
2021-02-01,106.850762,Index · 2019 average = 100
2021-03-01,106.772669,Index · 2019 average = 100
2021-04-01,107.080018,Index · 2019 average = 100
2021-05-01,107.238818,Index · 2019 average = 100
2021-06-01,106.947078,Index · 2019 average = 100
2021-07-01,107.083832,Index · 2019 average = 100
2021-08-01,107.291261,Index · 2019 average = 100
2021-09-01,107.565983,Index · 2019 average = 100
2021-10-01,107.500908,Index · 2019 average = 100
2021-11-01,107.685603,Index · 2019 average = 100
2021-12-01,107.713928,Index · 2019 average = 100
2022-01-01,107.947953,Index · 2019 average = 100
2022-02-01,107.79478,Index · 2019 average = 100
2022-03-01,108.035556,Index · 2019 average = 100
2022-04-01,108.151522,Index · 2019 average = 100
2022-05-01,108.347583,Index · 2019 average = 100
2022-06-01,108.417102,Index · 2019 average = 100
2022-07-01,108.503449,Index · 2019 average = 100
2022-08-01,108.536493,Index · 2019 average = 100
2022-09-01,108.591136,Index · 2019 average = 100
2022-10-01,108.695099,Index · 2019 average = 100
2022-11-01,108.781571,Index · 2019 average = 100
2022-12-01,108.872169,Index · 2019 average = 100
2023-01-01,108.778746,Index · 2019 average = 100
2023-02-01,108.905916,Index · 2019 average = 100
2023-03-01,109.027704,Index · 2019 average = 100
2023-04-01,109.036808,Index · 2019 average = 100
2023-05-01,109.096489,Index · 2019 average = 100
2023-06-01,108.961341,Index · 2019 average = 100
2023-07-01,108.976958,Index · 2019 average = 100
2023-08-01,108.858031,Index · 2019 average = 100
2023-09-01,108.737013,Index · 2019 average = 100
2023-10-01,108.602912,Index · 2019 average = 100
2023-11-01,108.512514,Index · 2019 average = 100
2023-12-01,108.653533,Index · 2019 average = 100
2024-01-01,108.620635,Index · 2019 average = 100
2024-02-01,108.533316,Index · 2019 average = 100
2024-03-01,108.226065,Index · 2019 average = 100
2024-04-01,108.207352,Index · 2019 average = 100
2024-05-01,108.414625,Index · 2019 average = 100
2024-06-01,108.381734,Index · 2019 average = 100
2024-07-01,108.24094,Index · 2019 average = 100
2024-08-01,108.140468,Index · 2019 average = 100
2024-09-01,108.039276,Index · 2019 average = 100
2024-10-01,107.918384,Index · 2019 average = 100
2024-11-01,107.882361,Index · 2019 average = 100
2024-12-01,107.968274,Index · 2019 average = 100
2025-01-01,107.817402,Index · 2019 average = 100
2025-02-01,107.657565,Index · 2019 average = 100
2025-03-01,107.628019,Index · 2019 average = 100
2025-04-01,107.592932,Index · 2019 average = 100
2025-05-01,107.548063,Index · 2019 average = 100
2025-06-01,107.426313,Index · 2019 average = 100
2025-07-01,107.419445,Index · 2019 average = 100
2025-08-01,107.367549,Index · 2019 average = 100
2025-09-01,107.262632,Index · 2019 average = 100
2025-10-01,107.187518,Index · 2019 average = 100
2025-11-01,107.495989,Index · 2019 average = 100
2025-12-01,107.439793,Index · 2019 average = 100
2026-01-01,107.354523,Index · 2019 average = 100
2026-02-01,107.66733,Index · 2019 average = 100
2026-03-01,107.363396,Index · 2019 average = 100
2026-04-01,107.376638,Index · 2019 average = 100
2026-05-01,107.396823,Index · 2019 average = 100
2026-06-01,107.552937,Index · 2019 average = 100
2026-07-01,107.533346,Index · 2019 average = 100
2026-08-01,107.482312,Index · 2019 average = 100
