scheme,model,dates,n,mae,rmse,bias,r2,mae_percent_of_mean_observed,negative_predictions,outside_training_feature_range,date_balanced_mae,date_balanced_rmse
leave_one_date_out,training_median,60,82,4.0546333529963725,6.920786824945744,-2.0812877385718096,-0.10915644182190465,79.3758916673065,0,0,3.9733438008775313,6.973153151166468
leave_one_date_out,station_median,60,82,3.680801449934159,5.871683002123248,-1.3121795376263004,0.20162475313863204,72.05753805653654,0,0,3.6627736413230516,5.961322490551693
leave_one_date_out,seasonal_harmonic,60,82,4.442004507704478,6.691466167957672,-0.021633312980868163,-0.03687029910266881,86.95929764615471,0,4,4.5564950907596975,6.857551114708874
leave_one_date_out,red_linear,60,82,4.5803258451583275,6.65113211977927,0.01293847392842241,-0.024408117237218807,89.66715765251013,0,2,4.613284371307453,6.726334859620007
leave_one_date_out,nir_linear,60,82,4.689673236662974,6.760645263761922,0.01667352914953084,-0.05842029535039117,91.80780662037824,0,2,4.748361345900171,6.88516327307257
leave_one_date_out,red_nir_linear,60,82,4.702809437056623,6.428393485824038,-0.03016547676865468,0.04305546618378708,92.06496861964898,0,4,4.844128485750105,6.598801099987634
leave_one_date_out,red_green_ratio,60,82,4.699420843390298,6.647330616890031,-0.029378397488016444,-0.023237436083293872,91.99863151334466,0,2,4.716716935606809,6.739611045675389
leave_one_date_out,nir_red_ratio,60,82,4.662971209330901,6.663866204659466,-0.02632522926560172,-0.02833448267247629,91.28507199944346,0,2,4.760776669281541,6.822424091886895
forward_blocks,training_median,36,53,5.545290982245274,9.163835351407485,-5.287837775951287,-0.4898310040053231,82.2986386870003,0,0,5.611652871697314,9.543234101759184
forward_blocks,station_median,36,53,5.1340406946135015,7.75564074107578,-3.4584323264799037,-0.06713120462973254,76.19520084395526,0,0,5.227351580539513,8.111395397280479
forward_blocks,seasonal_harmonic,36,53,5.8136822338897725,9.423688333112693,-5.414639143222479,-0.5755213097259269,86.28188045313374,9,25,5.920983275069816,9.853379652890165
forward_blocks,red_linear,36,53,4.872000916616439,8.157526812093375,-3.227410645540562,-0.18059101219503493,72.30622241522181,0,2,5.080427734288988,8.518165132246573
forward_blocks,nir_linear,36,53,4.841435460960156,8.334679883410013,-3.158335081777802,-0.23242443736410046,71.85259511245015,0,0,5.070062125668109,8.76386789293903
forward_blocks,red_nir_linear,36,53,5.568870631009732,8.168399011139435,-3.1510675546465583,-0.18374004849238212,82.64858840113538,2,2,5.8615973593300685,8.593103417990259
forward_blocks,red_green_ratio,36,53,5.728380108692444,9.103464493407268,-3.537514407244314,-0.4702658100086734,85.01589661146961,0,2,5.956516752363716,9.522841123368599
forward_blocks,nir_red_ratio,36,53,5.10616405126646,8.399919612427233,-3.3083993181818263,-0.25179355890148614,75.78147867753152,0,0,5.352163034243559,8.88113750427086
station_and_date_holdout,training_median,60,82,6.058435231628941,8.436166382440819,-1.4239239174781786,-0.6480566441649085,118.60349796210095,0,0,6.039072896415989,8.48523634996791
station_and_date_holdout,station_median,60,82,6.058435231628941,8.436166382440819,-1.4239239174781786,-0.6480566441649085,118.60349796210095,0,0,6.039072896415989,8.48523634996791
station_and_date_holdout,seasonal_harmonic,60,82,7.173739326541614,9.871717545025346,0.7121280843014642,-1.2566660878196152,140.43734810504154,2,15,7.436464943799943,10.141118369840175
station_and_date_holdout,red_linear,60,82,6.637775134712844,8.592528289193321,0.05981160237301615,-0.7097153177307434,129.94499727467192,0,16,6.7015095576749415,8.690261057980722
station_and_date_holdout,nir_linear,60,82,7.03740219123336,8.876442282245796,0.3326709934755086,-0.8245666328166841,137.76833200905807,0,7,7.092679279422821,8.990874716203717
station_and_date_holdout,red_nir_linear,60,82,6.354955775303749,8.351035189348003,-0.14912469265186484,-0.6149626728157449,124.40835884661686,0,18,6.41683680650703,8.46765241280784
station_and_date_holdout,red_green_ratio,60,82,7.087018800576299,8.981892788439438,0.33204777712567873,-0.8681751678528635,138.73965598960828,0,4,7.118917952905442,9.08990931890913
station_and_date_holdout,nir_red_ratio,60,82,7.204165525944152,8.971320620652364,0.48314492722663926,-0.8637798721166059,141.03298931285605,0,2,7.252277036038799,9.093093033222496
